app,machine,scene1,scene2,layout,collisions,collision-time-ms,fcl-collision-time-ms,build-time-ms,fcl-build-time-ms,group,triangle-memory-b
cd,arm,hairball,hairball_60_70_10,fcl,5118441,9189,14322,2601,4018,None,207360000
cd,arm,hairball,hairball_60_70_10,fcl,5118441,9195,14315,2594,4017,None,207360000
cd,arm,hairball,hairball_60_70_10,fcl,5118441,9207,14331,2601,4012,None,207360000
cd,arm,hairball,hairball_60_70_10,fcl,5118441,9194,14350,2599,4026,None,207360000
cd,arm,hairball,hairball_60_70_10,fcl,5118441,9198,14288,2589,4014,None,207360000
cd,arm,hairball,hairball_60_70_10,fcl,5118441,9206,14301,2607,4011,None,207360000
cd,arm,hairball,hairball_60_70_10,fcl,5118441,9196,14291,2591,4010,None,207360000
cd,arm,hairball,hairball_60_70_10,fcl,5118441,9189,14319,2598,4012,None,207360000
cd,arm,hairball,hairball_60_70_10,fcl,5118441,9195,14342,2590,4028,None,207360000
cd,arm,hairball,dragon,fcl,123055,338,484,1350,2087,None,135050904
cd,arm,hairball,dragon,fcl,123055,345,485,1351,2081,None,135050904
cd,arm,hairball,dragon,fcl,123055,338,474,1345,2081,None,135050904
cd,arm,hairball,dragon,fcl,123055,345,481,1352,2085,None,135050904
cd,arm,hairball,dragon,fcl,123055,344,485,1356,2081,None,135050904
cd,arm,hairball,dragon,fcl,123055,345,484,1346,2092,None,135050904
cd,arm,hairball,dragon,fcl,123055,346,480,1350,2087,None,135050904
cd,arm,hairball,dragon,fcl,123055,345,483,1353,2081,None,135050904
cd,arm,hairball,dragon,fcl,123055,346,487,1351,2084,None,135050904
cd,arm,dragon_60_70_10,hairball_60_70_10,fcl,48238,193,237,1344,2086,None,135050904
cd,arm,dragon_60_70_10,hairball_60_70_10,fcl,48238,193,237,1344,2080,None,135050904
cd,arm,dragon_60_70_10,hairball_60_70_10,fcl,48238,193,236,1351,2092,None,135050904
cd,arm,dragon_60_70_10,hairball_60_70_10,fcl,48238,193,236,1341,2079,None,135050904
cd,arm,dragon_60_70_10,hairball_60_70_10,fcl,48238,192,242,1355,2092,None,135050904
cd,arm,dragon_60_70_10,hairball_60_70_10,fcl,48238,188,242,1382,2091,None,135050904
cd,arm,dragon_60_70_10,hairball_60_70_10,fcl,48238,193,240,1353,2081,None,135050904
cd,arm,dragon_60_70_10,hairball_60_70_10,fcl,48238,193,237,1350,2110,None,135050904
cd,arm,dragon_60_70_10,hairball_60_70_10,fcl,48238,192,243,1349,2102,None,135050904
cd,arm,hairball,hairball_60_70_10,pbrt-q16,5118441,11004,14197,2641,4012,bvh2,207360000
cd,arm,hairball,hairball_60_70_10,pbrt-q16,5118441,11040,14210,2637,4019,bvh2,207360000
cd,arm,hairball,hairball_60_70_10,pbrt-q16,5118441,11039,14202,2640,4028,bvh2,207360000
cd,arm,hairball,hairball_60_70_10,pbrt-q16,5118441,11014,14188,2646,4041,bvh2,207360000
cd,arm,hairball,hairball_60_70_10,pbrt-q16,5118441,11028,14218,2628,4015,bvh2,207360000
cd,arm,hairball,hairball_60_70_10,pbrt-q16,5118441,11017,14189,2639,4020,bvh2,207360000
cd,arm,hairball,hairball_60_70_10,pbrt-q16,5118441,10994,14234,2639,4013,bvh2,207360000
cd,arm,hairball,hairball_60_70_10,pbrt-q16,5118441,11025,14163,2643,4021,bvh2,207360000
cd,arm,hairball,hairball_60_70_10,pbrt-q16,5118441,10994,14198,2642,4016,bvh2,207360000
cd,arm,hairball,dragon,pbrt-q16,123055,455,488,1368,2089,bvh2,135050904
cd,arm,hairball,dragon,pbrt-q16,123055,444,488,1370,2084,bvh2,135050904
cd,arm,hairball,dragon,pbrt-q16,123055,457,487,1371,2083,bvh2,135050904
cd,arm,hairball,dragon,pbrt-q16,123055,454,489,1363,2087,bvh2,135050904
cd,arm,hairball,dragon,pbrt-q16,123055,454,489,1370,2083,bvh2,135050904
cd,arm,hairball,dragon,pbrt-q16,123055,457,488,1373,2083,bvh2,135050904
cd,arm,hairball,dragon,pbrt-q16,123055,455,484,1362,2085,bvh2,135050904
cd,arm,hairball,dragon,pbrt-q16,123055,454,482,1365,2085,bvh2,135050904
cd,arm,hairball,dragon,pbrt-q16,123055,453,484,1371,2084,bvh2,135050904
cd,arm,dragon_60_70_10,hairball_60_70_10,pbrt-q16,48238,259,239,1372,2085,bvh2,135050904
cd,arm,dragon_60_70_10,hairball_60_70_10,pbrt-q16,48238,259,240,1369,2094,bvh2,135050904
cd,arm,dragon_60_70_10,hairball_60_70_10,pbrt-q16,48238,259,241,1365,2097,bvh2,135050904
cd,arm,dragon_60_70_10,hairball_60_70_10,pbrt-q16,48238,252,236,1361,2081,bvh2,135050904
cd,arm,dragon_60_70_10,hairball_60_70_10,pbrt-q16,48238,260,239,1373,2088,bvh2,135050904
cd,arm,dragon_60_70_10,hairball_60_70_10,pbrt-q16,48238,252,239,1361,2090,bvh2,135050904
cd,arm,dragon_60_70_10,hairball_60_70_10,pbrt-q16,48238,259,235,1368,2077,bvh2,135050904
cd,arm,dragon_60_70_10,hairball_60_70_10,pbrt-q16,48238,259,239,1373,2078,bvh2,135050904
cd,arm,dragon_60_70_10,hairball_60_70_10,pbrt-q16,48238,252,240,1362,2086,bvh2,135050904
cd,arm,hairball,hairball_60_70_10,pbrt,5118441,8496,14238,2592,4028,bvh2,207360000
cd,arm,hairball,hairball_60_70_10,pbrt,5118441,8498,14287,2594,4018,bvh2,207360000
cd,arm,hairball,hairball_60_70_10,pbrt,5118441,8483,14280,2600,4011,bvh2,207360000
cd,arm,hairball,hairball_60_70_10,pbrt,5118441,8473,14319,2593,4012,bvh2,207360000
cd,arm,hairball,hairball_60_70_10,pbrt,5118441,8470,14307,2586,4012,bvh2,207360000
cd,arm,hairball,hairball_60_70_10,pbrt,5118441,8513,14328,2604,4013,bvh2,207360000
cd,arm,hairball,hairball_60_70_10,pbrt,5118441,8503,14368,2587,4013,bvh2,207360000
cd,arm,hairball,hairball_60_70_10,pbrt,5118441,8511,14189,2618,4012,bvh2,207360000
cd,arm,hairball,hairball_60_70_10,pbrt,5118441,8472,14347,2588,4013,bvh2,207360000
cd,arm,hairball,dragon,pbrt,123055,315,491,1350,2083,bvh2,135050904
cd,arm,hairball,dragon,pbrt,123055,316,484,1359,2089,bvh2,135050904
cd,arm,hairball,dragon,pbrt,123055,318,474,1342,2085,bvh2,135050904
cd,arm,hairball,dragon,pbrt,123055,317,484,1358,2084,bvh2,135050904
cd,arm,hairball,dragon,pbrt,123055,315,486,1344,2084,bvh2,135050904
cd,arm,hairball,dragon,pbrt,123055,315,485,1343,2081,bvh2,135050904
cd,arm,hairball,dragon,pbrt,123055,320,486,1342,2096,bvh2,135050904
cd,arm,hairball,dragon,pbrt,123055,314,481,1343,2081,bvh2,135050904
cd,arm,hairball,dragon,pbrt,123055,321,472,1344,2084,bvh2,135050904
cd,arm,dragon_60_70_10,hairball_60_70_10,pbrt,48238,181,236,1349,2079,bvh2,135050904
cd,arm,dragon_60_70_10,hairball_60_70_10,pbrt,48238,181,239,1345,2081,bvh2,135050904
cd,arm,dragon_60_70_10,hairball_60_70_10,pbrt,48238,176,237,1349,2081,bvh2,135050904
cd,arm,dragon_60_70_10,hairball_60_70_10,pbrt,48238,176,237,1344,2088,bvh2,135050904
cd,arm,dragon_60_70_10,hairball_60_70_10,pbrt,48238,181,236,1347,2080,bvh2,135050904
cd,arm,dragon_60_70_10,hairball_60_70_10,pbrt,48238,181,242,1350,2089,bvh2,135050904
cd,arm,dragon_60_70_10,hairball_60_70_10,pbrt,48238,180,237,1344,2080,bvh2,135050904
cd,arm,dragon_60_70_10,hairball_60_70_10,pbrt,48238,180,241,1344,2084,bvh2,135050904
cd,arm,dragon_60_70_10,hairball_60_70_10,pbrt,48238,181,240,1351,2079,bvh2,135050904
cd,x86,hairball,hairball_60_70_10,fcl,5118441,6400,10179,2509,4293,None,207360000
cd,x86,hairball,hairball_60_70_10,fcl,5118441,6387,10176,2504,4292,None,207360000
cd,x86,hairball,hairball_60_70_10,fcl,5118441,6386,10181,2598,4297,None,207360000
cd,x86,hairball,hairball_60_70_10,fcl,5118441,6387,10178,2518,4312,None,207360000
cd,x86,hairball,hairball_60_70_10,fcl,5118441,6393,10173,2503,4298,None,207360000
cd,x86,hairball,hairball_60_70_10,fcl,5118441,6406,10174,2507,4301,None,207360000
cd,x86,hairball,hairball_60_70_10,fcl,5118441,6401,10181,2520,4298,None,207360000
cd,x86,hairball,hairball_60_70_10,fcl,5118441,6389,10187,2507,4292,None,207360000
cd,x86,hairball,hairball_60_70_10,fcl,5118441,6387,10184,2507,4296,None,207360000
cd,x86,hairball,dragon,fcl,123055,316,343,1299,2224,None,135050904
cd,x86,hairball,dragon,fcl,123055,316,344,1318,2223,None,135050904
cd,x86,hairball,dragon,fcl,123055,315,343,1309,2221,None,135050904
cd,x86,hairball,dragon,fcl,123055,315,343,1356,2222,None,135050904
cd,x86,hairball,dragon,fcl,123055,315,344,1313,2226,None,135050904
cd,x86,hairball,dragon,fcl,123055,316,344,1301,2223,None,135050904
cd,x86,hairball,dragon,fcl,123055,316,343,1313,2222,None,135050904
cd,x86,hairball,dragon,fcl,123055,378,343,1345,2248,None,135050904
cd,x86,hairball,dragon,fcl,123055,378,344,1346,2239,None,135050904
cd,x86,hairball_60_70_10,dragon_60_70_10,fcl,48238,209,190,1303,2224,None,135050904
cd,x86,hairball_60_70_10,dragon_60_70_10,fcl,48238,208,189,1302,2220,None,135050904
cd,x86,hairball_60_70_10,dragon_60_70_10,fcl,48238,208,188,1319,2219,None,135050904
cd,x86,hairball_60_70_10,dragon_60_70_10,fcl,48238,208,189,1316,2220,None,135050904
cd,x86,hairball_60_70_10,dragon_60_70_10,fcl,48238,207,190,1303,2222,None,135050904
cd,x86,hairball_60_70_10,dragon_60_70_10,fcl,48238,272,189,1351,2251,None,135050904
cd,x86,hairball_60_70_10,dragon_60_70_10,fcl,48238,208,189,1322,2221,None,135050904
cd,x86,hairball_60_70_10,dragon_60_70_10,fcl,48238,271,189,1345,2234,None,135050904
cd,x86,hairball_60_70_10,dragon_60_70_10,fcl,48238,208,190,1341,2222,None,135050904
cd,x86,hairball,hairball_60_70_10,pbrt-q16,5118441,7424,10185,2508,4247,bvh2,207360000
cd,x86,hairball,hairball_60_70_10,pbrt-q16,5118441,7518,10184,2503,4244,bvh2,207360000
cd,x86,hairball,hairball_60_70_10,pbrt-q16,5118441,7429,10187,2527,4243,bvh2,207360000
cd,x86,hairball,hairball_60_70_10,pbrt-q16,5118441,7420,10189,2525,4246,bvh2,207360000
cd,x86,hairball,hairball_60_70_10,pbrt-q16,5118441,7424,10188,2538,4250,bvh2,207360000
cd,x86,hairball,hairball_60_70_10,pbrt-q16,5118441,7518,10185,2511,4246,bvh2,207360000
cd,x86,hairball,hairball_60_70_10,pbrt-q16,5118441,7444,10186,2559,4243,bvh2,207360000
cd,x86,hairball,hairball_60_70_10,pbrt-q16,5118441,7423,10193,2545,4243,bvh2,207360000
cd,x86,hairball,hairball_60_70_10,pbrt-q16,5118441,7430,10198,2504,4249,bvh2,207360000
cd,x86,hairball,dragon,pbrt-q16,123055,447,348,1358,2223,bvh2,135050904
cd,x86,hairball,dragon,pbrt-q16,123055,446,347,1358,2210,bvh2,135050904
cd,x86,hairball,dragon,pbrt-q16,123055,388,347,1300,2200,bvh2,135050904
cd,x86,hairball,dragon,pbrt-q16,123055,388,349,1302,2196,bvh2,135050904
cd,x86,hairball,dragon,pbrt-q16,123055,384,348,1305,2198,bvh2,135050904
cd,x86,hairball,dragon,pbrt-q16,123055,384,348,1316,2195,bvh2,135050904
cd,x86,hairball,dragon,pbrt-q16,123055,450,348,1354,2195,bvh2,135050904
cd,x86,hairball,dragon,pbrt-q16,123055,384,348,1317,2197,bvh2,135050904
cd,x86,hairball,dragon,pbrt-q16,123055,388,348,1306,2197,bvh2,135050904
cd,x86,hairball_60_70_10,dragon_60_70_10,pbrt-q16,48238,248,192,1324,2194,bvh2,135050904
cd,x86,hairball_60_70_10,dragon_60_70_10,pbrt-q16,48238,248,192,1317,2196,bvh2,135050904
cd,x86,hairball_60_70_10,dragon_60_70_10,pbrt-q16,48238,248,192,1303,2195,bvh2,135050904
cd,x86,hairball_60_70_10,dragon_60_70_10,pbrt-q16,48238,310,191,1353,2221,bvh2,135050904
cd,x86,hairball_60_70_10,dragon_60_70_10,pbrt-q16,48238,312,190,1352,2213,bvh2,135050904
cd,x86,hairball_60_70_10,dragon_60_70_10,pbrt-q16,48238,311,191,1356,2204,bvh2,135050904
cd,x86,hairball_60_70_10,dragon_60_70_10,pbrt-q16,48238,248,192,1331,2195,bvh2,135050904
cd,x86,hairball_60_70_10,dragon_60_70_10,pbrt-q16,48238,248,191,1321,2194,bvh2,135050904
cd,x86,hairball_60_70_10,dragon_60_70_10,pbrt-q16,48238,247,191,1304,2194,bvh2,135050904
cd,x86,hairball,hairball_60_70_10,pbrt,5118441,6239,10907,2540,4480,bvh2,207360000
cd,x86,hairball,hairball_60_70_10,pbrt,5118441,6251,10899,2536,4483,bvh2,207360000
cd,x86,hairball,hairball_60_70_10,pbrt,5118441,6248,10914,2535,4482,bvh2,207360000
cd,x86,hairball,hairball_60_70_10,pbrt,5118441,6245,10917,2539,4477,bvh2,207360000
cd,x86,hairball,hairball_60_70_10,pbrt,5118441,6242,10911,2541,4476,bvh2,207360000
cd,x86,hairball,hairball_60_70_10,pbrt,5118441,6248,10926,2542,4479,bvh2,207360000
cd,x86,hairball,hairball_60_70_10,pbrt,5118441,6251,10921,2535,4480,bvh2,207360000
cd,x86,hairball,hairball_60_70_10,pbrt,5118441,6258,10913,2533,4489,bvh2,207360000
cd,x86,hairball,hairball_60_70_10,pbrt,5118441,6244,11207,2539,4478,bvh2,207360000
cd,x86,hairball,dragon,pbrt,123055,368,347,1356,2197,bvh2,135050904
cd,x86,hairball,dragon,pbrt,123055,381,353,1396,2229,bvh2,135050904
cd,x86,hairball,dragon,pbrt,123055,317,347,1311,2195,bvh2,135050904
cd,x86,hairball,dragon,pbrt,123055,380,347,1357,2212,bvh2,135050904
cd,x86,hairball,dragon,pbrt,123055,380,348,1357,2196,bvh2,135050904
cd,x86,hairball,dragon,pbrt,123055,328,348,1389,2221,bvh2,135050904
cd,x86,hairball,dragon,pbrt,123055,317,347,1309,2197,bvh2,135050904
cd,x86,hairball,dragon,pbrt,123055,317,347,1318,2196,bvh2,135050904
cd,x86,hairball,dragon,pbrt,123055,338,346,1366,2209,bvh2,135050904
cd,x86,hairball_60_70_10,dragon_60_70_10,pbrt,48238,210,191,1308,2194,bvh2,135050904
cd,x86,hairball_60_70_10,dragon_60_70_10,pbrt,48238,217,191,1364,2231,bvh2,135050904
cd,x86,hairball_60_70_10,dragon_60_70_10,pbrt,48238,209,191,1309,2196,bvh2,135050904
cd,x86,hairball_60_70_10,dragon_60_70_10,pbrt,48238,210,191,1333,2195,bvh2,135050904
cd,x86,hairball_60_70_10,dragon_60_70_10,pbrt,48238,210,191,1368,2195,bvh2,135050904
cd,x86,hairball_60_70_10,dragon_60_70_10,pbrt,48238,210,190,1307,2195,bvh2,135050904
cd,x86,hairball_60_70_10,dragon_60_70_10,pbrt,48238,210,191,1324,2193,bvh2,135050904
cd,x86,hairball_60_70_10,dragon_60_70_10,pbrt,48238,210,191,1318,2196,bvh2,135050904
cd,x86,hairball_60_70_10,dragon_60_70_10,pbrt,48238,273,191,1382,2212,bvh2,135050904
